customer_id,name,region,signup_date
1,Carlos Romero,West,2023-01-29
2,Geoffrey Austin,West,2023-10-09
3,Kimberly Mclaughlin,West,2022-11-13
4,Catherine Hood,North,2022-09-03
5,Sylvia Koch,West,2024-08-06
6,Scott Rose,East,2022-07-28
7,Michael Woods,West,2025-04-05
8,Chelsea Li,West,2023-05-25
9,Deanna Murphy,West,2022-10-27
10,April Jimenez,East,2025-06-09
11,Danielle Marquez,South,2025-06-16
12,Richard Jones,North,2023-03-03
13,Kenneth Whitehead,South,2022-11-03
14,Vincent Evans,North,2025-02-02
15,Mark Kramer,West,2022-12-07
16,Dillon Daniels,South,2023-12-05
17,Brian Fleming,North,2024-04-19
18,Beverly Lee,North,2023-09-28
19,Robert Rojas,East,2022-09-26
20,Alejandro Mcdowell,West,2023-08-21
21,Alexander Patterson,West,2025-01-09
22,Olivia Bennett,North,2023-12-28
23,Jamie Bentley,West,2025-01-17
24,Shannon Sharp,North,2023-05-20
25,Wyatt Drake,East,2022-11-25
26,Kari Bradley,North,2023-03-30
27,Brian Gray,North,2024-11-19
28,Michael Walters,West,2023-01-05
29,Steven Olson,North,2024-10-22
30,Julie Wilson,South,2024-12-03
31,Mitchell Green,East,2024-10-17
32,Benjamin Nash,West,2025-02-21
33,Carla Flores,South,2024-02-28
34,Christopher Bass,East,2023-07-23
35,Vickie Anderson,North,2025-05-23
36,Danny Wong,East,2022-10-25
37,Brian Zimmerman,East,2023-09-26
38,Pamela Hanson,South,2022-10-19
39,Victor Coleman,North,2022-12-01
40,Gary Roberts,East,2024-11-20
41,Cindy Ramos,South,2024-12-21
42,Tiffany Mora,South,2024-08-28
43,Dr. Alicia Smith,North,2024-10-01
44,Heather Page,North,2023-02-08
45,Erica Mccarthy,East,2024-10-17
46,Peggy Guzman,North,2023-08-16
47,Lisa Peterson,South,2024-06-23
48,John Allen,East,2023-07-01
49,Gloria Hale,East,2023-08-08
50,Courtney Flores,South,2023-01-12
51,Thomas Adams,East,2024-10-11
52,James Blackburn,North,2024-05-21
53,Tyler Holloway,North,2024-08-25
54,Paul Daniels,North,2023-08-18
55,Shannon Jones,South,2025-02-01
56,Amber Perry,South,2023-04-29
57,James Powell,South,2022-10-28
58,Kristin Ochoa,South,2023-10-18
59,Jason Gomez,South,2023-07-15
60,Mr. Wayne Roberts,South,2023-07-27
61,Sierra Baker,West,2022-11-03
62,James Gibson,East,2024-04-04
63,James Zimmerman,West,2023-04-19
64,Jeffrey Cordova,North,2025-07-20
65,Mary Smith,South,2025-02-25
66,Joshua Ortega,East,2024-03-28
67,Kim Lopez,North,2023-10-29
68,Brittany Sanchez,East,2025-05-31
69,Valerie Gordon,East,2023-06-27
70,Emily Williams,West,2024-04-10
71,Terry Myers,East,2025-02-09
72,Kylie Sanchez,South,2024-01-27
73,Vanessa Dominguez,West,2023-06-12
74,Anthony Evans MD,East,2023-11-02
75,Sarah Lopez,North,2024-07-18
76,Amanda Wagner,West,2023-10-27
77,Becky Williams,South,2024-09-03
78,Cassie Cook DVM,East,2023-05-03
79,Larry Gregory,South,2023-08-01
80,James Alexander,East,2023-01-20
81,Todd Brown,North,2024-01-07
82,James Stout,West,2022-08-23
83,Patrick Walton,West,2023-04-03
84,Erica Glover,North,2024-03-22
85,Dominique Smith,South,2022-12-09
86,Megan Strickland,North,2024-01-15
87,Wesley Kim,West,2024-03-09
88,Amanda Henderson,West,2023-11-17
89,Judy Matthews,North,2025-06-12
90,Michael Lane,East,2025-03-02
91,Jacob Lee,West,2022-09-27
92,Bradley Poole,West,2023-10-19
93,Raymond Frye,East,2022-12-18
94,Amber Green,West,2025-02-18
95,Alexander Church,West,2024-11-26
96,Michael Riggs,South,2022-11-25
97,Michelle Williams,West,2023-10-03
98,Timothy Bowen,South,2024-08-28
99,Megan Austin,South,2024-03-10
100,Jenny Arellano,South,2025-07-09
101,Valerie Walker,East,2024-11-03
102,Allison Dalton,North,2022-10-18
103,Holly Farmer,North,2023-02-02
104,Chloe Frank,North,2023-01-03
105,Cristian Ellison,North,2025-06-18
106,Cynthia Johnson,South,2024-04-16
107,Brandon Garcia,South,2024-06-13
108,Brittany Fleming,West,2024-02-03
109,Keith Murphy,South,2022-08-01
110,Dr. Michael Smith,South,2022-09-11
111,Curtis Shaw,South,2022-09-23
112,Bradley Grant,West,2024-10-21
113,David Krause,South,2022-09-01
114,Kara Bradley,South,2025-02-02
115,Angela Wiggins,South,2024-03-12
116,Jenna Howard,West,2023-10-18
117,Janice Bradley,South,2024-02-15
118,Ms. Christine Gutierrez,North,2023-03-30
119,James Welch,South,2023-06-29
120,Brian Harper,West,2023-06-05
121,Cynthia Ferrell,East,2022-11-01
122,Ronald Shaffer,West,2022-09-04
123,Wanda Campbell,North,2023-05-08
124,Christopher Harrison,West,2023-12-19
125,James Morton,East,2025-01-11
126,Troy Baker,East,2023-08-03
127,Matthew Moreno,East,2024-10-19
128,Cynthia Rivera,South,2024-01-28
129,Cole Gutierrez,South,2022-12-06
130,Karen Baker,North,2024-11-14
131,Kayla Moran,North,2024-03-06
132,Brittany Thompson,South,2024-07-16
133,Noah Roberts,South,2025-06-03
134,Claudia Clark,South,2023-01-04
135,Jose Bernard II,North,2023-11-13
136,Benjamin Serrano,East,2025-01-19
137,Mary Rodriguez,West,2023-03-22
138,Eric Davis,East,2025-01-03
139,Todd Thompson,North,2025-07-18
140,Anthony Wallace,West,2022-10-12
141,Victor Peters,West,2024-03-06
142,Michele Lopez,North,2023-04-07
143,Melissa Hill,South,2022-12-31
144,Dr. Aaron Lester,West,2022-09-13
145,Michael Craig,South,2022-11-20
146,Caitlin Rangel,East,2023-05-01
147,Nicole Gregory,North,2022-08-09
148,Lauren Silva,South,2022-10-22
149,Heather Walton,South,2025-01-28
150,Jillian Price,North,2025-01-28
151,Victoria Drake,West,2025-01-24
152,Derek Leonard,North,2023-05-06
153,Jasmine Powell,East,2024-12-10
154,Amanda Lam,North,2024-07-28
155,Courtney Rowland,East,2025-05-13
156,Cassandra Butler,East,2023-10-24
157,Shelly Becker,East,2022-12-20
158,Matthew Harris,North,2024-11-15
159,Anthony Murray,South,2025-04-03
160,Erica Owens,East,2023-08-10
161,Christopher Bonilla,West,2022-10-25
162,Karen Hicks,North,2024-02-02
163,Deanna Cox MD,East,2023-06-12
164,Luke Fitzpatrick,East,2025-03-29
165,Gabrielle Davis,North,2024-04-08
166,John Young,North,2022-10-14
167,Eric Walker,East,2024-12-29
168,Jennifer Lee,East,2024-08-07
169,Michael Jones,South,2024-11-17
170,Cory Cervantes,North,2025-05-03
171,Darrell Lee,West,2023-03-15
172,Chase Payne,North,2023-06-26
173,Taylor Washington,North,2025-03-25
174,Susan Wheeler DVM,East,2022-08-24
175,Joan Butler DDS,West,2024-08-16
176,Joseph Roberts,North,2024-06-20
177,Dr. Jeffrey Thomas,East,2025-07-15
178,Tiffany Burns,East,2025-02-26
179,Jessica Romero,East,2022-09-18
180,Joshua Marshall,South,2025-01-11
181,Mark Sanchez,West,2024-11-28
182,Jill Williams,East,2024-02-25
183,James Johnson,West,2022-10-18
184,Jeanette Burch,West,2022-09-06
185,Amy Hughes,East,2024-12-23
186,Teresa Booker,West,2025-04-11
187,Madeline Vargas,West,2024-11-02
188,Anthony Gallagher,West,2025-05-15
189,Destiny Walker,South,2023-04-15
190,Jocelyn Leon,West,2022-10-11
191,Joseph Gamble,East,2023-05-20
192,Kimberly Cook,South,2024-02-11
193,Stephen Wood,West,2025-05-02
194,Michael Walker,West,2023-04-14
195,Alexander Rivas,North,2023-06-17
196,Gregory Fleming,South,2025-02-17
197,David Russell,West,2024-06-10
198,Joy Ray,West,2022-11-06
199,Joshua Hess,South,2023-07-02
200,Nathan Lewis,North,2022-10-24
201,James York,West,2025-06-13
202,John Williams,North,2023-08-27
203,Matthew Rhodes,North,2023-07-28
204,David Owens,South,2024-11-16
205,David Aguilar,West,2024-03-09
206,Jillian Simmons,South,2024-12-18
207,Daniel Rodriguez,North,2025-04-01
208,Brittany Gonzalez,South,2022-08-07
209,Diana Shepherd,East,2025-01-31
210,Michael Parks,East,2025-04-20
211,Christy Hill,North,2025-07-25
212,Joseph Gomez,East,2024-06-05
213,Alexis Bowers,South,2024-05-27
214,Casey Juarez,North,2024-11-23
215,Chase Dyer,North,2023-10-15
216,Charles Woodward,South,2023-02-05
217,Shannon Roman,North,2025-04-03
218,Joshua Smith,West,2025-05-26
219,Jonathan Keller,South,2025-01-11
220,Nancy Smith,North,2024-04-17
221,John Ford,North,2023-05-03
222,Mrs. Misty Love,West,2023-01-08
223,Kimberly Smith,North,2023-02-05
224,Jesse Johns,North,2024-03-16
225,Kathy Vasquez,West,2025-06-20
226,Daisy Copeland,West,2022-09-29
227,Patrick Fowler,East,2023-02-19
228,Jennifer Lopez,East,2024-12-17
229,Tanya Kirby,East,2024-08-24
230,Courtney Hood,South,2024-08-25
231,Nicholas Lopez,East,2024-09-28
232,Victor Brooks,East,2022-09-04
233,Samuel Smith,East,2023-04-19
234,Gary Newman,South,2023-01-26
235,Nancy Thomas,North,2025-07-13
236,Zachary Davis,East,2022-11-18
237,William Myers,East,2024-12-05
238,Kimberly Young,South,2024-03-26
239,Jason Mcguire,East,2023-11-18
240,Melissa Smith,South,2023-11-23
241,Suzanne Evans,North,2024-08-05
242,Mary Scott,East,2024-04-18
243,Christy Benjamin,South,2023-09-18
244,Linda Taylor,East,2022-11-17
245,James Sutton,West,2022-12-08
246,Jack Mcdonald,East,2023-07-31
247,Samantha Johnson,South,2024-09-29
248,Thomas Hubbard,South,2024-10-22
249,Mason Ferguson,West,2022-10-06
250,Laura Dixon,North,2024-09-28
251,Mary Zhang,South,2024-10-25
252,Marilyn Welch,West,2022-10-02
253,Jill Sanchez,North,2024-09-13
254,Sean Garcia,East,2023-07-06
255,Dustin Sullivan,North,2025-03-16
256,Lisa Parker,West,2024-05-01
257,Amber Gutierrez,West,2023-06-24
258,Kevin Yang,North,2023-04-05
259,Alexander Alvarez,North,2024-04-06
260,Andrew Scott,East,2025-04-28
261,Cindy Alexander,North,2023-09-22
262,Steven Callahan,West,2025-07-05
263,Sara Harris,West,2023-03-21
264,Laura Cervantes,East,2025-06-27
265,Christopher Bell,West,2025-05-19
266,Sean Reynolds,South,2023-12-23
267,Julie Watkins,South,2022-12-27
268,Frederick Massey,South,2022-09-04
269,Justin Brooks,South,2024-11-13
270,Timothy Mason,East,2023-03-14
271,Angelica Lopez,South,2023-12-01
272,Brooke Bates,West,2023-11-16
273,Frank Davis PhD,West,2025-01-02
274,Timothy Miller,West,2025-04-06
275,Donald Young,West,2022-09-18
276,David Foster,East,2022-09-05
277,Michael Gregory,East,2025-04-07
278,Melanie Stokes,South,2022-09-02
279,Kayla Huff,South,2024-09-23
280,Jennifer Herring,West,2023-03-01
281,Selena Wilson,South,2024-03-20
282,Paul Lam,West,2024-05-18
283,Kevin Brown,North,2023-10-01
284,Jorge Hamilton,West,2024-10-12
285,Timothy Fuentes,North,2022-07-26
286,Kevin Conner,North,2023-02-15
287,Mary Davis,North,2023-02-19
288,Nicholas Jones,South,2024-05-13
289,Annette Campbell,South,2022-09-04
290,Susan Torres,East,2024-10-07
291,Laura Griffin,East,2025-04-11
292,Ronnie Castaneda,East,2023-11-02
293,Stephen Dawson,West,2023-12-30
294,Catherine Hardy,North,2023-04-17
295,Breanna Esparza,North,2024-04-01
296,Melissa Garcia,West,2022-10-12
297,Thomas Brown,West,2025-02-06
298,Albert Ferguson,East,2023-07-18
299,Kelly Martinez,West,2023-02-28
300,Tina Arnold,East,2024-07-12
301,Michael Holmes,East,2024-08-24
302,Daniel Williams,South,2023-05-28
303,Lawrence Vargas,West,2023-12-28
304,Angel Harrison,East,2022-09-24
305,Ashley Thompson,South,2022-08-22
306,Mark Patel,West,2022-11-06
307,Brandon Smith,West,2023-08-02
308,Michael Perry,North,2023-05-31
309,Robert Stevens,North,2022-10-26
310,Charles Carr,East,2023-09-07
311,Matthew Brooks,West,2024-08-21
312,Christopher Escobar,South,2024-06-17
313,Erin Wright,West,2022-10-25
314,Billy Sullivan,North,2025-01-03
315,Tamara Shepherd,North,2025-05-21
316,Lisa Boone,South,2025-04-16
317,Alison Hodges,North,2023-07-07
318,Patricia Garza,South,2022-07-27
319,Teresa Perez,West,2024-05-18
320,Michael Cox,East,2024-03-20
321,Kristie Mendoza,West,2024-12-18
322,Philip Hernandez,South,2024-05-31
323,Jenna Bowman,South,2025-04-16
324,Catherine Gomez,West,2023-08-25
325,Anne Simmons,South,2025-04-09
326,Anne Delacruz,East,2023-02-05
327,Rachael Greene,West,2024-10-25
328,Christine Peterson,South,2023-12-04
329,Wayne Chavez,East,2023-11-29
330,Lee Thompson,South,2023-08-14
331,Jeremiah Hall MD,South,2023-09-11
332,Peter Allen,West,2025-01-12
333,Melissa Lopez,East,2023-10-22
334,Mark Hanna,West,2023-06-22
335,Christopher Davis,West,2023-05-17
336,Rebecca Johnson,West,2023-09-26
337,Megan Morrison,North,2024-08-01
338,Michelle Meadows,South,2022-11-05
339,Daniel Sanders,South,2025-01-30
340,Jill Erickson,North,2024-12-31
341,Chelsea Smith,East,2025-04-27
342,Hunter Thompson,South,2023-07-11
343,Theresa Reed,South,2024-10-06
344,Ryan Fisher,East,2022-11-12
345,Jennifer Bauer,West,2024-03-12
346,Michael Lee,North,2024-05-18
347,Barry Logan,West,2024-12-15
348,Larry Smith,East,2023-08-05
349,William Hansen,North,2025-02-21
350,Rebecca Williams,East,2023-01-20
351,Kyle Hernandez,East,2023-05-05
352,Isaiah Hughes,North,2023-10-08
353,Bryan Jones,East,2022-11-05
354,Jonathan Ward,East,2024-08-18
355,Veronica Cortez,North,2024-08-23
356,Lisa Watkins,South,2024-09-10
357,Justin Yu,East,2023-09-04
358,Michael Adams,North,2024-01-21
359,Ashley Cox,North,2022-08-04
360,Marvin West,South,2023-07-16
361,Vanessa Flores,East,2023-03-16
362,Joseph Marquez,East,2024-05-08
363,William Carrillo,North,2024-10-04
364,Jeremy Preston,East,2022-09-15
365,Timothy Goodwin,North,2024-09-14
366,Jeffrey Green,North,2023-03-19
367,William Flores,East,2024-03-10
368,Mrs. Tanya Holmes,West,2024-04-16
369,Lori Lane,North,2023-11-06
370,Julie Sullivan,West,2024-03-28
371,Tiffany Delgado,West,2023-01-06
372,Jeffrey Wright,North,2024-01-05
373,Kenneth Rojas,West,2023-02-20
374,Caleb Hays,West,2024-04-27
375,Sandy Carter,East,2022-12-19
376,Jerry Allen,North,2025-01-13
377,John Kelly,North,2024-11-23
378,Claudia Berry,North,2023-09-21
379,Nicholas Brown,East,2023-09-06
380,Ana Jackson,West,2023-05-10
381,Jonathan Kennedy,South,2022-12-05
382,Christopher Yang,West,2023-02-01
383,Melissa Wood,West,2025-05-25
384,Corey Clarke,South,2024-11-09
385,Christina Hanson,North,2024-04-10
386,Alicia Bennett,West,2022-10-07
387,Jordan Chapman,East,2023-04-22
388,Robert Vincent,West,2023-08-07
389,Dawn Barron,South,2022-10-11
390,Charles Silva MD,South,2024-08-09
391,Anita Morris,South,2023-04-30
392,Caitlin Livingston,East,2024-08-21
393,Daniel Andrade,West,2023-11-16
394,Sandra Burke,South,2024-07-08
395,Destiny Kelley,East,2023-04-27
396,Brandy Howell,North,2023-06-16
397,Aaron Sanchez,East,2023-05-01
398,Holly Burke,South,2024-07-06
399,Lynn Johnson,West,2022-11-04
400,Bobby Kelly,South,2025-07-21
401,Julian Houston,North,2025-05-23
402,Devon Lopez,South,2024-04-18
403,Stephen Huynh,East,2023-04-21
404,Jacob Torres,North,2024-10-18
405,Alex Strong,West,2025-05-30
406,Cheryl Floyd,North,2025-06-30
407,Ruth Estes,West,2022-08-31
408,Jennifer Morrison,West,2024-08-30
409,Trevor Mcintosh,East,2023-04-08
410,Cheryl Elliott,South,2024-11-05
411,Michael Dunn,North,2024-07-27
412,Elizabeth Sloan,North,2025-07-13
413,Jessica Johnson,North,2024-02-02
414,Sydney Estrada,East,2022-08-26
415,Sean Jones,West,2022-12-22
416,Shelly Coleman,East,2024-01-11
417,Veronica Wheeler,South,2025-02-27
418,Samantha Vaughn,East,2024-10-15
419,Tara Faulkner,South,2024-08-19
420,Stephanie Franco,East,2022-11-30
421,David White,North,2023-12-01
422,Jonathan Kaiser,South,2025-07-07
423,Joshua Brown,West,2024-01-12
424,Donna Ruiz,South,2023-03-28
425,Ryan Daniels,North,2024-07-24
426,Sarah James,South,2024-06-01
427,Stephanie Chapman,West,2024-08-30
428,Amy Jacobs,South,2023-07-25
429,Alexandra Reyes,East,2023-06-20
430,Melissa Berger,North,2025-07-21
431,Stephen Cross,South,2024-06-17
432,Melissa Houston,North,2024-09-12
433,Elizabeth Thomas,East,2025-03-20
434,David Johnson,North,2023-01-23
435,Mary Jimenez,South,2024-06-06
436,Jason Hardin,South,2025-05-11
437,Darius Kim,South,2023-02-14
438,Robert Farrell,West,2024-12-30
439,Brian Cooley,North,2023-03-04
440,Angela Gaines,West,2023-01-19
441,Daniel Lewis,South,2023-02-21
442,Matthew Davis,South,2024-01-06
443,Valerie Reese,West,2022-10-15
444,Jennifer Mcconnell,North,2023-02-04
445,Julia Johnson,West,2025-02-08
446,Michaela Williams,North,2023-11-23
447,Brandon Sparks,North,2025-03-04
448,John Perez,East,2025-01-24
449,Kristin Cook,West,2023-03-24
450,John Hudson,West,2023-06-22
451,Alexis Scott,East,2023-05-06
452,Michael Cobb,East,2023-08-21
453,Alexis Boyer,West,2024-10-22
454,Kimberly Hayes,South,2022-10-08
455,Tammy Schmidt,West,2023-04-02
456,Melissa Hernandez,South,2023-10-30
457,John Smith,West,2024-09-27
458,Stephanie Edwards,East,2023-11-23
459,Anthony Brown,North,2025-07-18
460,Richard Ortega,North,2025-07-08
461,Michael Reynolds,East,2022-12-15
462,Jamie Ryan,West,2025-02-26
463,Teresa Brown,West,2024-02-02
464,Joyce Johnson,North,2022-08-16
465,Amy Flowers,West,2022-10-04
466,Kathleen Bailey,North,2023-01-10
467,Angela Williams,North,2023-12-10
468,Patricia Gonzalez,East,2024-08-18
469,Gary Marquez,South,2023-09-29
470,Laura Russell,South,2025-02-24
471,Joshua Hill,North,2023-12-15
472,Laura Murphy,East,2024-08-27
473,Crystal Hall,West,2023-08-28
474,Shane Smith,South,2025-06-09
475,Tammy Adams,West,2025-02-18
476,Raymond Hensley,West,2025-05-18
477,Brenda Freeman,West,2023-06-08
478,Kristen Patrick DVM,West,2024-06-03
479,Mr. Steven Castillo,South,2023-05-11
480,Julie Webb,East,2022-09-27
481,Heather Gonzalez,South,2022-09-15
482,Elizabeth Malone,East,2023-07-07
483,Mrs. Amanda Thomas,North,2024-07-22
484,Beth Young,East,2025-06-12
485,Mrs. Yolanda Mcdowell,South,2023-02-16
486,Luis Ramirez,East,2024-02-26
487,Johnny Young,North,2025-01-21
488,Laura Ramirez,East,2023-07-29
489,John Gibson,South,2023-06-20
490,Billy Miller,South,2025-02-02
491,James Luna,West,2025-02-14
492,Devon Mitchell,West,2024-06-04
493,John Reilly,South,2022-09-06
494,James Smith,North,2022-10-22
495,Tony Chambers,North,2025-05-14
496,Sarah Davis,South,2024-05-26
497,William Barton,East,2025-01-17
498,Kristen Walker,North,2025-02-25
499,Frederick Hawkins,East,2023-01-11
500,Riley Powell,North,2025-03-14
