product_id,product_name,category,price
1,Talk,Electronics,496.52
2,Top,Clothing,215.7
3,Even,Beauty,278.87
4,Key,Sports,407.82
5,Different,Electronics,435.62
6,Without,Clothing,311.27
7,To,Electronics,125.0
8,Ability,Home,23.13
9,Produce,Sports,307.54
10,Bit,Beauty,14.08
11,Activity,Sports,225.86
12,Teacher,Electronics,175.12
13,Wear,Clothing,258.75
14,Describe,Sports,447.09
15,Force,Home,298.5
16,Congress,Sports,363.52
17,Oil,Beauty,176.11
18,Style,Beauty,151.19
19,Help,Beauty,279.57
20,Provide,Beauty,349.37
21,Want,Beauty,414.22
22,Save,Beauty,468.79
23,Center,Electronics,381.35
24,Hold,Clothing,379.06
25,This,Clothing,258.68
26,Assume,Beauty,93.45
27,Can,Sports,44.13
28,Situation,Sports,208.23
29,Know,Electronics,387.9
30,Explain,Clothing,87.91
31,Watch,Electronics,292.69
32,Become,Sports,486.49
33,Finally,Clothing,457.95
34,Live,Home,482.71
35,Part,Beauty,451.1
36,Want,Beauty,400.43
37,Father,Clothing,453.09
38,Will,Beauty,381.42
39,Nor,Sports,454.29
40,Major,Home,155.08
41,Raise,Clothing,14.87
42,Garden,Beauty,16.76
43,Big,Clothing,407.3
44,Nor,Electronics,457.22
45,Hour,Home,250.86
46,Food,Beauty,104.58
47,Huge,Sports,388.07
48,Much,Electronics,379.55
49,Good,Beauty,138.63
50,Third,Beauty,475.42
51,World,Beauty,8.0
52,Side,Beauty,416.58
53,Recognize,Electronics,42.9
54,Player,Beauty,247.34
55,Inside,Sports,403.82
56,Rate,Sports,251.41
57,Bag,Clothing,363.44
58,Director,Sports,56.57
59,Order,Sports,143.73
60,Usually,Clothing,477.03
61,My,Beauty,248.57
62,Local,Electronics,188.07
63,Lead,Electronics,175.5
64,Level,Home,128.9
65,Poor,Electronics,285.33
66,Situation,Clothing,111.82
67,Heart,Electronics,21.95
68,Nature,Electronics,436.23
69,Hair,Home,87.89
70,Ability,Clothing,162.97
71,Company,Home,387.24
72,Research,Electronics,420.01
73,Just,Beauty,185.35
74,Speak,Sports,451.87
75,Believe,Sports,206.8
76,Turn,Beauty,24.81
77,Series,Sports,5.23
78,Part,Sports,127.24
79,Few,Beauty,382.96
80,Community,Sports,466.52
81,Response,Sports,225.47
82,Fall,Sports,21.52
83,President,Home,434.22
84,It,Sports,416.03
85,Will,Beauty,409.47
86,Condition,Clothing,370.33
87,Else,Clothing,401.44
88,Capital,Beauty,194.77
89,Which,Home,208.38
90,Seek,Beauty,439.31
91,Purpose,Home,130.85
92,Herself,Electronics,20.36
93,Approach,Sports,58.01
94,Clearly,Electronics,7.09
95,Best,Sports,173.51
96,South,Sports,384.11
97,Boy,Sports,233.49
98,Reflect,Electronics,358.43
99,Skill,Home,499.96
100,Grow,Clothing,216.03
101,Reduce,Beauty,418.53
102,Language,Home,334.7
103,Message,Electronics,79.85
104,Prevent,Electronics,466.63
105,Smile,Beauty,125.88
106,Bag,Electronics,435.77
107,Phone,Beauty,25.92
108,On,Home,229.0
109,Do,Home,374.13
110,Reason,Beauty,385.58
111,Attorney,Clothing,382.0
112,Body,Sports,45.26
113,Wait,Clothing,50.65
114,Time,Sports,145.46
115,Start,Electronics,193.34
116,Actually,Electronics,163.9
117,Paper,Electronics,417.93
118,Against,Sports,105.04
119,Few,Beauty,359.12
120,Speech,Beauty,104.26
121,Deal,Sports,33.09
122,Light,Sports,353.74
123,They,Clothing,75.82
124,Sport,Clothing,160.01
125,Within,Electronics,296.78
126,Trade,Clothing,419.01
127,Green,Electronics,261.94
128,Form,Clothing,367.53
129,Fast,Sports,258.37
130,Enough,Sports,290.51
131,Push,Electronics,179.51
132,Question,Beauty,368.65
133,Also,Sports,491.03
134,Agree,Electronics,297.82
135,Forward,Clothing,193.98
136,Onto,Home,6.99
137,Their,Home,137.45
138,As,Clothing,167.1
139,Station,Electronics,97.44
140,Source,Beauty,422.7
141,Court,Beauty,87.3
142,Big,Clothing,334.63
143,Discuss,Home,223.92
144,The,Electronics,211.78
145,Admit,Clothing,414.48
146,Free,Clothing,492.69
147,Action,Sports,287.05
148,Where,Home,59.55
149,Treat,Electronics,92.17
150,Class,Beauty,375.07
151,Paper,Beauty,355.24
152,Speech,Home,95.76
153,Early,Clothing,200.38
154,Response,Clothing,482.3
155,Mr,Electronics,120.97
156,Space,Sports,67.53
157,Air,Beauty,312.19
158,Perhaps,Electronics,413.94
159,Body,Beauty,450.38
160,Born,Beauty,353.57
161,Consumer,Sports,141.54
162,Somebody,Home,340.64
163,Per,Beauty,44.39
164,Into,Beauty,361.53
165,Reality,Sports,151.63
166,Many,Home,250.85
167,Imagine,Clothing,110.85
168,Write,Clothing,362.78
169,Identify,Electronics,64.37
170,Black,Beauty,410.91
171,Nice,Sports,299.15
172,Computer,Electronics,14.19
173,As,Sports,303.06
174,That,Beauty,213.52
175,Institution,Beauty,400.17
176,Foreign,Home,333.77
177,Situation,Beauty,374.74
178,Management,Electronics,201.55
179,Floor,Sports,341.2
180,Money,Electronics,9.86
181,Last,Home,443.82
182,Window,Sports,174.31
183,Approach,Beauty,494.14
184,Year,Home,406.14
185,Some,Sports,389.78
186,Sign,Sports,299.87
187,Not,Home,118.95
188,Else,Sports,5.03
189,Allow,Electronics,248.38
190,Term,Electronics,167.7
191,Property,Beauty,25.84
192,Out,Clothing,74.02
193,Improve,Clothing,450.56
194,Exactly,Beauty,443.57
195,Notice,Sports,391.89
196,Wonder,Beauty,259.8
197,Woman,Beauty,5.12
198,Main,Sports,344.71
199,Star,Electronics,355.85
200,End,Electronics,137.49
